{
    "inputs": {
        "n": 100000000
    },
    "outputs": {
        "benchmark": {
            "max": 322451552.0,
            "mean": 260817058.0,
            "min": 241098530.0,
            "p5th": 241155891.95,
            "p95th": 320252851.1,
            "samples": 10,
            "stddev": 29848429.197442453,
            "sum": 2608170580.0,
            "variance": 890928725554735.2
        },
        "total_sum": 2.0131691999274186
    }
}