{
  "inputs": {
    "D": 0.07,
    "cross-section": 0.0033,
    "dimensions": {
      "a": 100.0,
      "b": 100.0
    },
    "mesh": {
      "m": 2,
      "n": 2,
      "𝛾": 33.333333333333336,
      "𝛿": 33.333333333333336
    },
    "methods": [
      "LUP",
      "point-jacobi",
      "gauss-seidel",
      "SOR",
      "SSOR",
      "SORJ"
    ]
  },
  "outputs": {
    "LUP": {
      "converged": true,
      "iterations": {
        "actual": 0,
        "maximum": 5000
      },
      "iterative-error": {
        "actual": null,
        "maximum": 0.0001
      },
      "max-residual": 5.421010862427522e-20,
      "residual": [
        -3.970466940254533e-23,
        0.0,
        -2.541098841762901e-21,
        5.421010862427522e-20
      ],
      "solution": [
        0.3458841599482536,
        8.185404297949225,
        8.173016910561836,
        281.82167244823654
      ],
      "wall-time-ns": {
        "max": 31905.0,
        "mean": 1513.78,
        "min": 1120.0,
        "p5th": 1133.95,
        "p95th": 1399.15,
        "samples": 100,
        "stddev": 3073.4479614270354,
        "sum": 151378.0,
        "variance": 9446082.3716
      }
    },
    "SOR": {
      "converged": true,
      "iterations": {
        "actual": 7,
        "maximum": 5000
      },
      "iterative-error": {
        "actual": 1.9839884639389084e-05,
        "maximum": 0.0001
      },
      "max-residual": 4.8962128264625216e-09,
      "residual": [
        4.8962128264625216e-09,
        -2.713920508160987e-09,
        -2.7139943279115854e-09,
        1.2860511491461987e-09
      ],
      "solution": [
        0.34588280755130435,
        8.18540503205679,
        8.173017644690185,
        281.82167211221395
      ],
      "wall-time-ns": {
        "max": 18635.0,
        "mean": 2526.34,
        "min": 2000.0,
        "p5th": 2006.95,
        "p95th": 2083.5,
        "samples": 100,
        "stddev": 2794.795435161579,
        "sum": 252634.0,
        "variance": 7810881.5244
      }
    },
    "SORJ": {
      "converged": true,
      "iterations": {
        "actual": 7,
        "maximum": 5000
      },
      "iterative-error": {
        "actual": 3.070408172110329e-05,
        "maximum": 0.0001
      },
      "max-residual": 6.942107948080178e-08,
      "residual": [
        4.845371184165203e-08,
        5.867643285726089e-08,
        5.8675510110378833e-08,
        6.942107948080178e-08
      ],
      "solution": [
        0.34586991107391896,
        8.185387168535245,
        8.17299978140764,
        281.82165229638707
      ],
      "wall-time-ns": {
        "max": 2548.0,
        "mean": 1991.41,
        "min": 1959.0,
        "p5th": 1964.85,
        "p95th": 2044.05,
        "samples": 100,
        "stddev": 60.5225734746962,
        "sum": 199141.0,
        "variance": 3662.9819
      }
    },
    "SSOR": {
      "converged": true,
      "iterations": {
        "actual": 6,
        "maximum": 5000
      },
      "iterative-error": {
        "actual": 7.843370805623268e-05,
        "maximum": 0.0001
      },
      "max-residual": 2.002673400161234e-08,
      "residual": [
        -4.849723689239148e-10,
        -2.8985825995482876e-09,
        -2.8976598526679243e-09,
        -2.002673400161234e-08
      ],
      "solution": [
        0.3458843291003923,
        8.185405217571397,
        8.173017829924227,
        281.82167811901076
      ],
      "wall-time-ns": {
        "max": 15378.0,
        "mean": 3585.59,
        "min": 3437.0,
        "p5th": 3439.0,
        "p95th": 3477.15,
        "samples": 100,
        "stddev": 1189.0913597785495,
        "sum": 358559.0,
        "variance": 1413938.2619
      }
    },
    "gauss-seidel": {
      "converged": true,
      "iterations": {
        "actual": 4,
        "maximum": 5000
      },
      "iterative-error": {
        "actual": 2.8104516435742824e-07,
        "maximum": 0.0001
      },
      "max-residual": 1.2545792703835859e-12,
      "residual": [
        1.2545792703835859e-12,
        2.225182657491359e-14,
        2.225182742194654e-14,
        5.421010862427522e-20
      ],
      "solution": [
        0.345884159594605,
        8.18540429793668,
        8.173016910549292,
        281.8216724482361
      ],
      "wall-time-ns": {
        "max": 22374.0,
        "mean": 1996.93,
        "min": 1243.0,
        "p5th": 1279.75,
        "p95th": 1464.15,
        "samples": 100,
        "stddev": 3384.2690207931164,
        "sum": 199693.0,
        "variance": 11453276.8051
      }
    },
    "point-jacobi": {
      "converged": true,
      "iterations": {
        "actual": 5,
        "maximum": 5000
      },
      "iterative-error": {
        "actual": 1.1186554289225417e-05,
        "maximum": 0.0001
      },
      "max-residual": 2.808949466173856e-08,
      "residual": [
        6.333488805330555e-10,
        2.8089494661737713e-08,
        2.808949466173856e-08,
        6.333488805024962e-10
      ],
      "solution": [
        0.34588370053943135,
        8.185396373574175,
        8.173008986186789,
        281.82167198882775
      ],
      "wall-time-ns": {
        "max": 2091.0,
        "mean": 1516.07,
        "min": 1501.0,
        "p5th": 1502.0,
        "p95th": 1514.1,
        "samples": 100,
        "stddev": 59.44346137297188,
        "sum": 151607.0,
        "variance": 3533.5251
      }
    }
  }
}
