{
  "inputs": {
    "D": 0.07,
    "cross-section": 0.0033,
    "dimensions": {
      "a": 100.0,
      "b": 100.0
    },
    "mesh": {
      "m": 5,
      "n": 5,
      "𝛾": 16.666666666666668,
      "𝛿": 16.666666666666668
    },
    "methods": [
      "LUP",
      "point-jacobi",
      "gauss-seidel",
      "SOR",
      "SSOR",
      "SORJ"
    ]
  },
  "outputs": {
    "LUP": {
      "converged": true,
      "iterations": {
        "actual": 0,
        "maximum": 5000
      },
      "iterative-error": {
        "actual": null,
        "maximum": 0.0001
      },
      "max-bytes": 86752,
      "max-residual": 1.6263032587282567e-19,
      "wall-time-ns": {
        "mean": 14094.85,
        "p5th": 13540.4,
        "p95th": 14367.15,
        "samples": 100
      }
    },
    "SOR": {
      "converged": true,
      "iterations": {
        "actual": 8,
        "maximum": 5000
      },
      "iterative-error": {
        "actual": 8.566771904100693e-05,
        "maximum": 0.0001
      },
      "max-bytes": 464,
      "max-residual": 3.872281957573891e-08,
      "wall-time-ns": {
        "mean": 80208.58,
        "p5th": 79309.55,
        "p95th": 79500.6,
        "samples": 100
      }
    },
    "SORJ": {
      "converged": true,
      "iterations": {
        "actual": 12,
        "maximum": 5000
      },
      "iterative-error": {
        "actual": 2.7315216367668887e-05,
        "maximum": 0.0001
      },
      "max-bytes": 464,
      "max-residual": 4.2636147772157103e-08,
      "wall-time-ns": {
        "mean": 119718.42,
        "p5th": 114292.5,
        "p95th": 148305.85,
        "samples": 100
      }
    },
    "SSOR": {
      "converged": true,
      "iterations": {
        "actual": 7,
        "maximum": 5000
      },
      "iterative-error": {
        "actual": 1.1145272351921234e-05,
        "maximum": 0.0001
      },
      "max-bytes": 464,
      "max-residual": 1.3185993884235955e-09,
      "wall-time-ns": {
        "mean": 149025.28,
        "p5th": 143343.0,
        "p95th": 193356.15,
        "samples": 100
      }
    },
    "gauss-seidel": {
      "converged": true,
      "iterations": {
        "actual": 7,
        "maximum": 5000
      },
      "iterative-error": {
        "actual": 2.0118944226451262e-05,
        "maximum": 0.0001
      },
      "max-bytes": 464,
      "max-residual": 3.7618594164557085e-09,
      "wall-time-ns": {
        "mean": 74224.33,
        "p5th": 70503.95,
        "p95th": 96947.6,
        "samples": 100
      }
    },
    "point-jacobi": {
      "converged": true,
      "iterations": {
        "actual": 10,
        "maximum": 5000
      },
      "iterative-error": {
        "actual": 3.831722021940073e-05,
        "maximum": 0.0001
      },
      "max-bytes": 464,
      "max-residual": 7.78150198796114e-08,
      "wall-time-ns": {
        "mean": 98291.26,
        "p5th": 96368.85,
        "p95th": 112063.85,
        "samples": 100
      }
    }
  }
}
