{
  "inputs": {
    "D": 0.07,
    "cross-section": 0.0033,
    "dimensions": {
      "a": 100.0,
      "b": 100.0
    },
    "mesh": {
      "m": 65,
      "n": 65,
      "𝛾": 1.5151515151515151,
      "𝛿": 1.5151515151515151
    },
    "methods": [
      "point-jacobi",
      "gauss-seidel",
      "SOR",
      "SSOR",
      "SORJ"
    ]
  },
  "outputs": {
    "LUP": {
      "converged": true,
      "iterations": {
        "actual": 0,
        "maximum": 5000
      },
      "iterative-error": {
        "actual": null,
        "maximum": 0.0001
      },
      "max-bytes": 2285961952,
      "max-residual": 3.252606517456513e-19,
      "wall-time-ns": {
        "mean": 1.27e+11,
        "p5th": 1.26e+11,
        "p95th": 1.29e+11,
        "samples": 3
      }
    },
    "SOR": {
      "converged": true,
      "iterations": {
        "actual": 146,
        "maximum": 5000
      },
      "iterative-error": {
        "actual": 9.596601441491698e-05,
        "maximum": 0.0001
      },
      "max-bytes": 67664,
      "max-residual": 1.2477127602881632e-07,
      "wall-time-ns": {
        "mean": 36680413506.333336,
        "p5th": 36608076579.8,
        "p95th": 36791640235.1,
        "samples": 3
      }
    },
    "SORJ": {
      "converged": true,
      "iterations": {
        "actual": 333,
        "maximum": 5000
      },
      "iterative-error": {
        "actual": 9.81212754202368e-05,
        "maximum": 0.0001
      },
      "max-bytes": 67664,
      "max-residual": 3.0944539093709676e-07,
      "wall-time-ns": {
        "mean": 83690404983.0,
        "p5th": 83580070550.7,
        "p95th": 83768126045.7,
        "samples": 3
      }
    },
    "SSOR": {
      "converged": true,
      "iterations": {
        "actual": 72,
        "maximum": 5000
      },
      "iterative-error": {
        "actual": 9.952705414543122e-05,
        "maximum": 0.0001
      },
      "max-bytes": 67664,
      "max-residual": 5.103566584745404e-08,
      "wall-time-ns": {
        "mean": 37008862615.333336,
        "p5th": 36992372354.5,
        "p95th": 37031481394.6,
        "samples": 3
      }
    },
    "gauss-seidel": {
      "converged": true,
      "iterations": {
        "actual": 168,
        "maximum": 5000
      },
      "iterative-error": {
        "actual": 9.991361387750566e-05,
        "maximum": 0.0001
      },
      "max-bytes": 67664,
      "max-residual": 1.50541612774639e-07,
      "wall-time-ns": {
        "mean": 42147747625.0,
        "p5th": 42130464518.9,
        "p95th": 42167186781.5,
        "samples": 3
      }
    },
    "point-jacobi": {
      "converged": true,
      "iterations": {
        "actual": 321,
        "maximum": 5000
      },
      "iterative-error": {
        "actual": 9.876219101557939e-05,
        "maximum": 0.0001
      },
      "max-bytes": 67664,
      "max-residual": 3.995347108391175e-07,
      "wall-time-ns": {
        "mean": 81445962281.33333,
        "p5th": 80315991277.5,
        "p95th": 82401601564.2,
        "samples": 3
      }
    }
  }
}
