{
    "inputs": {
        "a": 0.0,
        "b": 3.141592653589793,
        "m": 1000,
        "rules": [
            "trapezoidal",
            "simpsons"
        ]
    },
    "outputs": {
        "simpsons": {
            "h": 0.003141592653589793,
            "integral": 2.0000000000010822
        },
        "trapezoidal": {
            "h": 0.003141592653589793,
            "integral": 1.9999983550656626
        }
    }
}
