{
  "outputs": {
    "CG": {
      "benchmark": {
        "mean": 9076.6,
        "p5th": 9056.0,
        "p95th": 9098.5,
        "samples": 100
      },
      "solution": {
        "converged": true,
        "iterations": {
          "actual": 4
        },
        "iterative-error": {
          "actual": 2.2238887084933836e-05
        },
        "solution": [
          4.615027843422583,
          -4.634814037042502,
          1.1137543372328516,
          2.8438846297859444,
          4.060878796520815,
          1.4338700551630934,
          -4.633313283833436,
          4.2413280103457165,
          4.832127590529745,
          0.012833519640686545,
          -0.9929533014209528,
          -2.7116737266042072,
          2.5423532862721943,
          -2.3005909180736097,
          -3.855420528534635,
          0.8885055906304755
        ]
      }
    },
    "SOR": {
      "benchmark": {
        "mean": 10283.55,
        "p5th": 10261.95,
        "p95th": 10302.1,
        "samples": 100
      },
      "solution": {
        "converged": true,
        "iterations": {
          "actual": 5
        },
        "iterative-error": {
          "actual": 6.995237533529678e-05
        },
        "solution": [
          4.708065313523179,
          -4.670922815951837,
          1.0322019117434271,
          2.8971089610649563,
          4.114080046254,
          1.4548322501508557,
          -4.677530607277201,
          4.334427427308752,
          4.8180612301613,
          0.10042199134529108,
          -0.9641791090028179,
          -2.695649277750008,
          2.517306634902143,
          -2.1608950681731285,
          -3.823169688817567,
          1.0182048361529763
        ]
      }
    }
  }
}
