{
  "outputs": {
    "CG": {
      "benchmark": {
        "mean": 29522.53,
        "p5th": 29320.95,
        "p95th": 29506.1,
        "samples": 100
      },
      "solution": {
        "converged": true,
        "iterations": {
          "actual": 5
        },
        "iterative-error": {
          "actual": 4.242324013946916e-06
        },
        "solution": [
          4.615027398186603,
          -4.634814172685346,
          1.1137546929414917,
          2.843884001885593,
          4.060878653441377,
          1.4338703736464107,
          -4.633313274934813,
          4.2413282222108295,
          4.832127927574209,
          0.01283266138250637,
          -0.9929527625361672,
          -2.711674159951892,
          2.5423536607216497,
          -2.3005908143982094,
          -3.8554203220949805,
          0.8885055138223764,
          -3.1111873182522727,
          -4.192070312969267,
          2.8406145105977,
          2.4810738140765745,
          -3.40438937445113,
          -3.80354648081993,
          1.27322567168739,
          -1.9121178273796577,
          2.9561687036148943,
          0.06480017280165644,
          -2.810255580548807,
          1.4880967511801126,
          4.107370070287902,
          4.427808232299465,
          -1.6762077875399166,
          1.6840028275734173
        ]
      }
    },
    "SOR": {
      "benchmark": {
        "mean": 18506.87,
        "p5th": 18464.95,
        "p95th": 18586.05,
        "samples": 100
      },
      "solution": {
        "converged": true,
        "iterations": {
          "actual": 6
        },
        "iterative-error": {
          "actual": 3.625250596832333e-05
        },
        "solution": [
          4.785067485304884,
          -4.560152863221688,
          1.1482938044517568,
          2.8426326621422233,
          4.029938705446502,
          1.5433565286835131,
          -4.648326235242501,
          4.19309254713328,
          4.803695949268358,
          0.046386812877997716,
          -0.9270863360602744,
          -2.8094437745248078,
          2.59968179740915,
          -2.3093355173514944,
          -3.9254230802891357,
          0.9813446627955545,
          -3.008801180712518,
          -4.11620779958845,
          2.7603115283859245,
          2.5494810344372136,
          -3.358710421358735,
          -3.8187162394502985,
          1.1637491916195002,
          -1.8745500252880833,
          2.89996049725518,
          0.08522339999927178,
          -2.801953270659912,
          1.6269720834268422,
          4.083114396736845,
          4.347497979122727,
          -1.574619067050684,
          1.7315969321039788
        ]
      }
    }
  }
}
