{
  "outputs": {
    "CG": {
      "benchmark": {
        "mean": 97643.9,
        "p5th": 97354.55,
        "p95th": 97639.25,
        "samples": 100
      },
      "solution": {
        "converged": true,
        "iterations": {
          "actual": 5
        },
        "iterative-error": {
          "actual": 1.527931319615498e-05
        },
        "solution": [
          4.615027463201001,
          -4.634814165334743,
          1.1137546906923594,
          2.8438838535958935,
          4.060878749397261,
          1.4338703532054984,
          -4.6333132852794146,
          4.241328199131931,
          4.832127926469362,
          0.012832747298495997,
          -0.9929527523058966,
          -2.711674267038766,
          2.542353694223936,
          -2.300590845950392,
          -3.8554202790283965,
          0.8885055387676281,
          -3.111187324951487,
          -4.192070396086516,
          2.840614495080501,
          2.4810737275795054,
          -3.4043891966299817,
          -3.8035464671321044,
          1.2732258829951542,
          -1.912117963577254,
          2.9561687432672974,
          0.0648002444774146,
          -2.8102555749627496,
          1.488096834306716,
          4.107370219675669,
          4.4278081879547315,
          -1.6762077239450075,
          1.6840028381628058,
          -4.407748260826156,
          1.6852286642224703,
          -3.531144125658719,
          2.5334224253799698,
          -0.08610702262033484,
          -1.5083880163556584,
          0.6065161796951012,
          -0.015015675871455716,
          -4.992671183708468,
          4.523544368297852,
          -0.09449277795699466,
          -0.5461481036569326,
          2.1802882488822712,
          1.5714631700461947,
          1.0811192607431002,
          1.2468750385631178,
          -3.1758965034869844,
          -1.7752751964644506,
          -3.095083040526342,
          3.909324456388514,
          1.9942773381959982,
          -1.4086994435599483,
          1.1378032778406793,
          -0.45525126573291014,
          1.3366221517468968,
          -1.4263953163467553,
          2.5908804471411564,
          0.9095089099255278,
          4.746025046765649,
          -4.933487427727556,
          -3.094884601093958,
          -2.033530056776188
        ]
      }
    },
    "SOR": {
      "benchmark": {
        "mean": 46535.81,
        "p5th": 46242.9,
        "p95th": 46501.85,
        "samples": 100
      },
      "solution": {
        "converged": true,
        "iterations": {
          "actual": 6
        },
        "iterative-error": {
          "actual": 1.561340004257225e-05
        },
        "solution": [
          4.825344324832843,
          -4.61401884209254,
          1.089313923132775,
          2.958953498665586,
          4.025860623089123,
          1.5147458006080243,
          -4.72073620795176,
          4.171890105810316,
          4.851573012390738,
          0.010533498560978603,
          -0.9639820278188732,
          -2.659302774579353,
          2.5185335248444543,
          -2.3153223090074473,
          -3.9385909870848312,
          0.9528628298754553,
          -3.041811335088744,
          -4.279863964391868,
          2.8220278455555365,
          2.508254623044732,
          -3.3796479689711822,
          -3.8568917512204286,
          1.3130388996669988,
          -1.9775464834008396,
          2.928636096327598,
          0.09590403598905586,
          -2.764408879174867,
          1.5542375420064385,
          4.134524498986637,
          4.465057768854704,
          -1.6532757341971651,
          1.6990580156398518,
          -4.402280683170518,
          1.7413748262310473,
          -3.5360926419157286,
          2.5894911783311843,
          0.008604350525764859,
          -1.4945959447019561,
          0.5873234662499326,
          0.02257574249300283,
          -5.0630664462889285,
          4.614160016603056,
          -0.11917370777744976,
          -0.6144415924483341,
          2.246074720881442,
          1.5635166040908954,
          1.0422442910970295,
          1.3055882578835387,
          -3.143662803435169,
          -1.741467326269176,
          -3.1045153651026207,
          3.9272029674381645,
          2.0528028924720907,
          -1.3771809824372947,
          1.0763998225047398,
          -0.4872081570066935,
          1.4325964568247305,
          -1.446329080315918,
          2.5672941878275015,
          0.9465623285383544,
          4.772654488198751,
          -4.873968210406503,
          -3.050947349163992,
          -2.0700307368012743
        ]
      }
    }
  }
}
