{
  "outputs": {
    "CG": {
      "benchmark": {
        "mean": 3660.17,
        "p5th": 3639.0,
        "p95th": 3677.05,
        "samples": 100
      },
      "solution": {
        "converged": true,
        "iterations": {
          "actual": 3
        },
        "iterative-error": {
          "actual": 6.576518251528186e-05
        },
        "solution": [
          4.6150298796441085,
          -4.634813259208801,
          1.1137509038862272,
          2.843882321284118,
          4.060880482148595,
          1.4338688935446147,
          -4.633313298577962,
          4.241327275947382
        ]
      }
    },
    "SOR": {
      "benchmark": {
        "mean": 8832.2,
        "p5th": 8764.0,
        "p95th": 8868.5,
        "samples": 100
      },
      "solution": {
        "converged": true,
        "iterations": {
          "actual": 5
        },
        "iterative-error": {
          "actual": 3.149457124285788e-06
        },
        "solution": [
          4.709167696433886,
          -4.5040277153482915,
          1.1840888071811833,
          2.974686294936503,
          4.099244610991865,
          1.4689353089958588,
          -4.589593083842897,
          4.38969726847474
        ]
      }
    }
  }
}
