{
  "D": 1.345220381031,
  "cross-section": 5.039481e-2,
  "dimensions": {
    "a": 1.0291,
    "b": 1.0291
  },
  "mesh": {
    "m": 32,
    "n": 32
  }
}
