{
    "inputs": {
        "coefficients": [
            [
                48694.84658030613,
                0.0,
                6114.143344240852,
                7844.099632271007,
                9060.972605094488,
                6434.227013010565,
                0.0,
                9241.40398568922
            ],
            [
                9832.144721485456,
                33263.660866601625,
                0.0,
                0.0,
                7542.599496355281,
                0.0,
                0.0,
                5888.91664876089
            ],
            [
                0.0,
                0.0,
                23754.92407840451,
                7481.325732775045,
                0.0,
                0.0,
                6273.598345629466,
                0.0
            ],
            [
                7956.373172349365,
                5065.293748719208,
                0.0,
                48241.32605117806,
                9107.45933283699,
                9427.86542769415,
                0.0,
                6684.334369578348
            ],
            [
                0.0,
                6685.560119230559,
                0.0,
                7533.669113625746,
                29826.184751005414,
                0.0,
                5606.955518149108,
                0.0
            ],
            [
                0.0,
                9523.592040377296,
                0.0,
                0.0,
                7180.570244877492,
                39032.92379853699,
                6081.511182067466,
                6247.250331214737
            ],
            [
                0.0,
                0.0,
                0.0,
                8909.433625013873,
                6994.577918041941,
                0.0,
                25904.011543055814,
                0.0
            ],
            [
                6336.988554931095,
                0.0,
                7591.121386169715,
                5909.917966038352,
                9746.05048209669,
                0.0,
                0.0,
                39584.07838923585
            ]
        ],
        "constants": [
            339062.5997447452,
            -53188.86128931946,
            18665.635224436224,
            229288.00085043532,
            85580.28916824875,
            39306.59140256434,
            -66279.8713478143,
            261973.7375667088
        ],
        "known-solution": [
            4.615027360996984,
            -4.634814194647449,
            1.1137547197128228,
            2.843884020673074,
            4.060878692963785,
            1.4338704000505702,
            -4.6333132419046015,
            4.241328118501069
        ],
        "max-iterations": 5000,
        "methods": [
            "LUP",
            "point-jacobi",
            "gauss-seidel",
            "SOR",
            "SSOR",
            "SORJ"
        ],
        "order": 8,
        "relaxation-factor": 0.99,
        "threshold": 0.0001
    },
    "outputs": {
        "LUP": {
            "converged": true,
            "iterations": {
                "actual": 0,
                "maximum": 5000
            },
            "iterative-error": {
                "actual": null,
                "maximum": 0.0001
            },
            "l2-error": 4.923768636959438e-10,
            "max-residual": 1.4210854715202004e-14,
            "solution": [
                4.615027360996984,
                -4.634814194647449,
                1.1137547197128228,
                2.843884020673074,
                4.060878692963785,
                1.4338704000505702,
                -4.6333132419046015,
                4.241328118501069
            ],
            "wall-time-ns": {
                "mean": 3193.7,
                "samples": 10,
                "std": 836.6901517288225
            }
        },
        "SOR": {
            "converged": true,
            "iterations": {
                "actual": 7,
                "maximum": 5000
            },
            "iterative-error": {
                "actual": 2.0502693338040827e-05,
                "maximum": 0.0001
            },
            "l2-error": 0.001498688498038217,
            "max-residual": 0.04645478345221932,
            "solution": [
                4.615026327562133,
                -4.634813473825934,
                1.113756395805075,
                2.843884241605186,
                4.060877957976251,
                1.4338702098382192,
                -4.633313093081777,
                4.241328093705877
            ],
            "wall-time-ns": {
                "mean": 1030.6,
                "samples": 10,
                "std": 15.957443404254956
            }
        },
        "SORJ": {
            "converged": true,
            "iterations": {
                "actual": 32,
                "maximum": 5000
            },
            "iterative-error": {
                "actual": 8.524696560365807e-05,
                "maximum": 0.0001
            },
            "l2-error": 0.007082592995963961,
            "max-residual": 1.6570945329113869,
            "solution": [
                4.615007763829479,
                -4.6348321220591915,
                1.1137400447706491,
                2.8438640096688284,
                4.060861845828725,
                1.4338524223895603,
                -4.633329195388091,
                4.2413098546627905
            ],
            "wall-time-ns": {
                "mean": 4978.9,
                "samples": 10,
                "std": 5573.770850151628
            }
        },
        "SSOR": {
            "converged": true,
            "iterations": {
                "actual": 6,
                "maximum": 5000
            },
            "iterative-error": {
                "actual": 2.3985072608292908e-05,
                "maximum": 0.0001
            },
            "l2-error": 0.0019648487885802718,
            "max-residual": 0.11242389980576206,
            "solution": [
                4.615028327236282,
                -4.634815354523225,
                1.1137553690352575,
                2.843883216834432,
                4.060876960800074,
                1.4338700449060287,
                -4.63331458790559,
                4.241325545657104
            ],
            "wall-time-ns": {
                "mean": 1548.6,
                "samples": 10,
                "std": 49.49181750552307
            }
        },
        "gauss-seidel": {
            "converged": true,
            "iterations": {
                "actual": 7,
                "maximum": 5000
            },
            "iterative-error": {
                "actual": 1.3832893050646843e-05,
                "maximum": 0.0001
            },
            "l2-error": 0.001256431076252383,
            "max-residual": 0.03295371897516475,
            "solution": [
                4.6150268151769,
                -4.634813209972013,
                1.113754773033238,
                2.843884847765068,
                4.060878017479698,
                1.4338701623224146,
                -4.633313343981268,
                4.241328238482391
            ],
            "wall-time-ns": {
                "mean": 1051.3,
                "samples": 10,
                "std": 38.62395629657842
            }
        },
        "point-jacobi": {
            "converged": true,
            "iterations": {
                "actual": 34,
                "maximum": 5000
            },
            "iterative-error": {
                "actual": 9.605558967103361e-05,
                "maximum": 0.0001
            },
            "l2-error": 0.007480519158936179,
            "max-residual": 1.8485286773385639,