{
    "inputs": {
        "coefficients": [
            [
                23958.242976511858,
                0.0,
                6114.143344240852,
                7844.099632271007
            ],
            [
                9060.972605094488,
                28302.376590783708,
                0.0,
                9241.40398568922
            ],
            [
                9832.144721485456,
                5013.331414267187,
                24845.476135752644,
                0.0
            ],
            [
                7542.599496355281,
                0.0,
                0.0,
                17542.59949635528
            ]
        ],
        "constants": [
            139685.31246544808,
            -63078.139151980795,
            49811.52361532673,
            84698.421437474
        ],
        "known-solution": [
            4.615027360996984,
            -4.634814194647449,
            1.1137547197128228,
            2.843884020673074
        ],
        "max-iterations": 5000,
        "methods": [
            "LUP",
            "point-jacobi",
            "gauss-seidel",
            "SOR",
            "SSOR",
            "SORJ"
        ],
        "order": 4,
        "relaxation-factor": 0.99,
        "threshold": 0.0001
    },
    "outputs": {
        "LUP": {
            "converged": true,
            "iterations": {
                "actual": 0,
                "maximum": 5000
            },
            "iterative-error": {
                "actual": null,
                "maximum": 0.0001
            },
            "l2-error": 8.33203529092339e-10,
            "max-residual": 7.105427357601002e-15,
            "solution": [
                4.615027360996984,
                -4.634814194647449,
                1.1137547197128228,
                2.843884020673074
            ],
            "wall-time-ns": {
                "mean": 5383.7,
                "samples": 10,
                "std": 2185.027782432068
            }
        },
        "SOR": {
            "converged": true,
            "iterations": {
                "actual": 9,
                "maximum": 5000
            },
            "iterative-error": {
                "actual": 2.8623040633995995e-05,
                "maximum": 0.0001
            },
            "l2-error": 0.0032366213406366403,
            "max-residual": 0.15402483103370912,
            "solution": [
                4.615036054967622,
                -4.6348122392094595,
                1.1137507758145966,
                2.843880176526228
            ],
            "wall-time-ns": {
                "mean": 3054.5,
                "samples": 10,
                "std": 81.43617132454104
            }
        },
        "SORJ": {
            "converged": true,
            "iterations": {
                "actual": 18,
                "maximum": 5000
            },
            "iterative-error": {
                "actual": 8.992948661991548e-05,
                "maximum": 0.0001
            },
            "l2-error": 0.007656114884484283,
            "max-residual": 1.3651733009851625,
            "solution": [
                4.614996911496596,
                -4.634845380874588,
                1.1137225300088673,
                2.8438616618553523
            ],
            "wall-time-ns": {
                "mean": 3823.8,
                "samples": 10,
                "std": 140.9147259870309
            }
        },
        "SSOR": {
            "converged": true,
            "iterations": {
                "actual": 8,
                "maximum": 5000
            },
            "iterative-error": {
                "actual": 5.2743575142405726e-05,
                "maximum": 0.0001
            },
            "l2-error": 0.004314548779849349,
            "max-residual": 0.24965116537063636,
            "solution": [
                4.615034381025015,
                -4.634818922016823,
                1.1137428474015048,
                2.843872446997602
            ],
            "wall-time-ns": {
                "mean": 4483.3,
                "samples": 10,
                "std": 262.5772457773141
            }
        },
        "gauss-seidel": {
            "converged": true,
            "iterations": {
                "actual": 8,
                "maximum": 5000
            },
            "iterative-error": {
                "actual": 7.646247426752754e-05,
                "maximum": 0.0001
            },
            "l2-error": 0.00509920318241402,
            "max-residual": 0.3880375383463104,
            "solution": [
                4.615049065168184,
                -4.634809135687202,
                1.113745109883036,
                2.8438746887681416
            ],
            "wall-time-ns": {
                "mean": 2970.6,
                "samples": 10,
                "std": 217.65670217110247
            }
        },
        "point-jacobi": {
            "converged": true,
            "iterations": {
                "actual": 19,
                "maximum": 5000
            },
            "iterative-error": {
                "actual": 8.323768300572431e-05,
                "maximum": 0.0001
            },
            "l2-error": 0.007347489131790708,
            "max-residual": 1.248982672764896,
            "solution": [
                4.615053858275996,
                -4.634785603238693,
                1.1137851823396976,
                2.8439056285084154
            ],
            "wall-time-ns": {
                "mean": 4091.8,
                "samples": 10,
                "std": 337.51912538402917
            }
        }
    }
}