{
    "inputs": {
        "D": 0.07,
        "cross-section": 0.0033,
        "dimensions": {
            "a": 100.0,
            "b": 100.0
        },
        "mesh": {
            "m": 2,
            "n": 2,
            "𝛾": 33.333333333333336,
            "𝛿": 33.333333333333336
        },
        "methods": [
            "LUP",
            "point-jacobi",
            "SORPJ",
            "gauss-seidel",
            "symmetric-gauss-seidel",
            "SOR",
            "SSOR"
        ]
    },
    "outputs": {
        "LUP": {
            "converged": true,
            "iterations": {
                "actual": 0,
                "maximum": 5000
            },
            "iterative-error": {
                "actual": null,
                "maximum": 0.0001
            },
            "max-bytes": 3424,
            "max-residual": 5.421010862427522e-20,
            "residual": [
                -3.970466940254533e-23,
                0.0,
                -2.541098841762901e-21,
                5.421010862427522e-20
            ],
            "solution": [
                0.3458841599482536,
                8.185404297949225,
                8.173016910561836,
                281.82167244823654
            ],
            "wall-time-ns": {
                "mean": 2167.99,
                "p5th": 1857.9,
                "p95th": 2696.2,
                "samples": 100
            }
        },
        "SOR": {
            "converged": true,
            "iterations": {
                "actual": 7,
                "maximum": 5000
            },
            "iterative-error": {
                "actual": 1.9839884639389084e-05,
                "maximum": 0.0001
            },
            "max-bytes": 128,
            "max-residual": 4.8962128264625216e-09,
            "residual": [
                4.8962128264625216e-09,
                -2.713920508160987e-09,
                -2.7139943279115854e-09,
                1.2860511491461987e-09
            ],
            "solution": [
                0.34588280755130435,
                8.18540503205679,
                8.173017644690185,
                281.82167211221395
            ],
            "wall-time-ns": {
                "mean": 4096.37,
                "p5th": 3584.0,
                "p95th": 5746.05,
                "samples": 100
            }
        },
        "SORPJ": {
            "converged": true,
            "iterations": {
                "actual": 7,
                "maximum": 5000
            },
            "iterative-error": {
                "actual": 3.070408172110329e-05,
                "maximum": 0.0001
            },
            "max-bytes": 224,
            "max-residual": 6.942107948080178e-08,
            "residual": [
                4.845371184165203e-08,
                5.867643285726089e-08,
                5.8675510110378833e-08,
                6.942107948080178e-08
            ],
            "solution": [
                0.34586991107391896,
                8.185387168535245,
                8.17299978140764,
                281.82165229638707
            ],
            "wall-time-ns": {
                "mean": 51926.79,
                "p5th": 48739.4,
                "p95th": 55600.55,
                "samples": 100
            }
        },
        "SSOR": {
            "converged": true,
            "iterations": {
                "actual": 6,
                "maximum": 5000
            },
            "iterative-error": {
                "actual": 7.843370805623268e-05,
                "maximum": 0.0001
            },
            "max-bytes": 128,
            "max-residual": 2.002673400161234e-08,
            "residual": [
                -4.849723689239148e-10,
                -2.8985825995482876e-09,
                -2.8976598526679243e-09,
                -2.002673400161234e-08
            ],
            "solution": [
                0.3458843291003923,
                8.185405217571397,
                8.173017829924227,
                281.82167811901076
            ],
            "wall-time-ns": {
                "mean": 6165.53,
                "p5th": 5725.0,
                "p95th": 8386.55,
                "samples": 100
            }
        },
        "gauss-seidel": {
            "converged": true,
            "iterations": {
                "actual": 4,
                "maximum": 5000
            },
            "iterative-error": {
                "actual": 2.8104516435742824e-07,
                "maximum": 0.0001
            },
            "max-bytes": 128,
            "max-residual": 1.2545792703835859e-12,
            "residual": [
                1.2545792703835859e-12,
                2.225182657491359e-14,
                2.225182742194654e-14,
                5.421010862427522e-20
            ],
            "solution": [
                0.345884159594605,
                8.18540429793668,
                8.173016910549292,
                281.8216724482361
            ],
            "wall-time-ns": {
                "mean": 2630.74,
                "p5th": 2442.0,
                "p95th": 2710.7,
                "samples": 100
            }
        },
        "point-jacobi": {
            "converged": true,
            "iterations": {
                "actual": 5,
                "maximum": 5000
            },
            "iterative-error": {
                "actual": 1.1186554289225417e-05,
                "maximum": 0.0001
            },
            "max-bytes": 224,
            "max-residual": 2.808949466173856e-08,
            "residual": [
                6.333488805330555e-10,
                2.8089494661737713e-08,
                2.808949466173856e-08,
                6.333488805024962e-10
            ],
            "solution": [
                0.34588370053943135,
                8.185396373574175,
                8.173008986186789,
                281.82167198882775
            ],
            "wall-time-ns": {
                "mean": 42398.38,
                "p5th": 39493.3,
                "p95th": 45135.15,
                "samples": 100
            }
        },
        "symmetric-gauss-seidel": {
            "converged": true,
            "iterations": {
                "actual": 3,
                "maximum": 5000
            },
            "iterative-error": {
                "actual": 7.096644464466862e-08,
                "maximum": 0.0001
            },
            "max-bytes": 128,
            "max-residual": 1.5754010509322347e-13,
            "residual": [
                -1.4558378780933287e-22,
                1.2913105372318323e-14,
                1.291310621935127e-14,
                1.5754010509322347e-13
            ],
            "solution": [
                0.34588415994809657,
                8.185404297944796,
                8.17301691055741,
                281.82167244819203
            ],
            "wall-time-ns": {
                "mean": 3343.81,
                "p5th": 3323.0,
                "p95th": 3350.0,
                "samples": 100
            }
        }
    }
}
