{
    "inputs": {
        "D": 0.07,
        "cross-section": 0.0033,
        "dimensions": {
            "a": 100.0,
            "b": 100.0
        },
        "mesh": {
            "m": 5,
            "n": 5,
            "𝛾": 16.666666666666668,
            "𝛿": 16.666666666666668
        },
        "methods": [
            "LUP",
            "point-jacobi",
            "SORPJ",
            "gauss-seidel",
            "symmetric-gauss-seidel",
            "SOR",
            "SSOR"
        ]
    },
    "outputs": {
        "LUP": {
            "converged": true,
            "iterations": {
                "actual": 0,
                "maximum": 5000
            },
            "iterative-error": {
                "actual": null,
                "maximum": 0.0001
            },
            "max-bytes": 86752,
            "max-residual": 1.6263032587282567e-19,
            "residual": [
                2.117582368135751e-22,
                -3.3881317890172014e-21,
                8.470329472543003e-22,
                0.0,
                -8.470329472543003e-22,
                7.940933880509066e-22,
                -1.0842021724855044e-19,
                -1.7999450129153882e-21,
                -1.0842021724855044e-19,
                7.411538288475128e-22,
                4.235164736271502e-22,
                -1.0164395367051604e-20,
                1.6940658945086007e-21,
                -6.776263578034403e-21,
                1.6940658945086007e-21,
                -1.2970192004831474e-21,
                0.0,
                -1.2811373327221293e-20,
                1.6263032587282567e-19,
                -4.685150989500349e-21,
                0.0,
                7.411538288475128e-22,
                4.235164736271502e-22,
                2.091112588534054e-21,
                -4.235164736271502e-22
            ],
            "solution": [
                1.6565825117491708,
                14.159836231379817,
                3.3131650234983416,
                14.159836231379817,
                1.6565825117491708,
                14.159836231379817,
                237.09602422976934,
                28.319672462759634,
                237.09602422976934,
                14.159836231379817,
                3.3131650234983416,
                28.319672462759634,
                6.626330046996683,
                28.319672462759634,
                3.3131650234983416,
                14.159836231379817,
                237.09602422976934,
                28.319672462759634,
                237.09602422976934,
                14.159836231379817,
                1.6565825117491708,
                14.159836231379817,
                3.3131650234983416,
                14.159836231379817,
                1.6565825117491708
            ],
            "wall-time-ns": {
                "mean": 28551.46,
                "p5th": 28250.95,
                "p95th": 28693.8,
                "samples": 100
            }
        },
        "SOR": {
            "converged": true,
            "iterations": {
                "actual": 8,
                "maximum": 5000
            },
            "iterative-error": {
                "actual": 8.566771904100693e-05,
                "maximum": 0.0001
            },
            "max-bytes": 464,
            "max-residual": 3.872281957573891e-08,
            "residual": [
                -3.872281957573891e-08,
                1.5527127254114055e-08,
                -2.1122713602499844e-09,
                -1.7842029148063855e-09,
                5.476372347485567e-10,
                1.5527127254115008e-08,
                -4.871566704504546e-09,
                2.7808410761652646e-10,
                4.229098240766775e-10,
                -7.572005188952644e-11,
                -2.1122713602497726e-09,
                2.7808410761758526e-10,
                1.898063470955611e-11,
                4.598179089142793e-11,
                -1.5738859277146796e-11,
                -1.7842029148067032e-09,
                4.2290982418509773e-10,
                4.598179089042208e-11,
                -7.479152908974884e-11,
                1.0615971001373009e-11,
                5.476372347487685e-10,
                -7.572005187946792e-11,
                -1.5738859276299763e-11,
                1.0615971001373009e-11,
                -8.639626201820605e-13
            ],
            "solution": [
                1.6565911453647826,
                14.159833197245847,
                3.313165360862631,
                14.159836654982968,
                1.6565824098441957,
                14.159833197245847,
                237.09602500513114,
                28.319672458584094,
                237.09602415573644,
                14.159836238850481,
                3.313165360862631,
                28.319672458584094,
                6.626330040429965,
                28.319672448465358,
                3.3131650266725794,
                14.159836654982968,
                237.09602415573644,
                28.319672448465358,
                237.09602424529808,
                14.159836230011987,
                1.6565824098441957,
                14.159836238850481,
                3.3131650266725794,
                14.159836230011987,
                1.6565825117896946
            ],
            "wall-time-ns": {
                "mean": 144069.39,
                "p5th": 143277.0,
                "p95th": 147574.05,
                "samples": 100
            }
        },
        "SORPJ": {
            "converged": true,
            "iterations": {
                "actual": 12,
                "maximum": 5000
            },
            "iterative-error": {
                "actual": 2.7315216367668887e-05,
                "maximum": 0.0001
            },
            "max-bytes": 896,
            "max-residual": 4.2636147772157103e-08,
            "residual": [
                1.06590369430397e-08,
                1.846140396465594e-08,
                2.1318073886078975e-08,
                1.846140396465594e-08,
                1.0659036943040123e-08,
                1.846140396465541e-08,
                3.19771795487039e-08,
                3.692280792931421e-08,
                3.197717954859548e-08,
                1.846140396465541e-08,
                2.131807388607834e-08,
                3.692280792932882e-08,
                4.2636147772157103e-08,
                3.692280792932882e-08,
                2.1318073886078552e-08,
                1.8461403964657344e-08,
                3.197717954864969e-08,
                3.692280792932829e-08,
                3.197717954854127e-08,
                1.8461403964667508e-08,
                1.06590369430397e-08,
                1.8461403964662188e-08,
                2.1318073886078552e-08,
                1.8461403964667508e-08,
                1.06590369430397e-08
            ],
            "solution": [
                1.6565794087401395,
                14.15983085692354,
                3.313158817480279,
                14.15983085692354,
                1.6565794087401395,
                14.15983085692354,
                237.09601492072628,
                28.31966171384708,
                237.09601492072628,
                14.15983085692354,
                3.313158817480279,
                28.31966171384708,
                6.626317634960558,
                28.31966171384708,
                3.313158817480279,
                14.15983085692354,
                237.09601492072628,
                28.31966171384708,
                237.09601492072628,
                14.15983085692354,
                1.6565794087401395,
                14.15983085692354,
                3.313158817480279,
                14.15983085692354,
                1.6565794087401395
            ],
            "wall-time-ns": {
                "mean": 101072.74,
                "p5th": 91643.45,
                "p95th": 110780.05,